{
  "preset": {
    "name": "medium",
    "min_ct_trades_total": 10,
    "min_ct_volume_total_eth": 2.0,
    "min_platform_trades": 2,
    "min_platform_volume_eth": 0.1,
    "min_royalty_rate_pct": 0.5,
    "max_royalty_rate_pct": 10.5,
    "winsor_q_low": 0.005,
    "winsor_q_high": 0.995,
    "share_floor": 1e-06,
    "enforcement_cap_low": 0.0,
    "enforcement_cap_high": 1.0
  },
  "winsor_bounds": {
    "avg_trade_price_eth": {
      "low": 0.007451461795152464,
      "high": 14.300091999999998
    },
    "total_secondary_volume_eth": {
      "low": 0.1529156,
      "high": 698.9470397545036
    },
    "ct_volume_total_eth": {
      "low": 2.030987,
      "high": 1281.2846432151757
    },
    "trades": {
      "low": 2.0,
      "high": 1299.079999999998
    },
    "ct_trades_total": {
      "low": 10.0,
      "high": 2571.4399999999987
    }
  },
  "n_markets_total_pre_pair_filter": 8645,
  "n_markets_kept_post_pair_filter": 7324,
  "n_markets_dropped_post_pair_filter": 1321,
  "final_row_count": 14648,
  "final_market_count": 7324,
  "n_unique_collections": 826,
  "n_unique_weeks": 92,
  "platform_counts": {
    "Blur": 7324,
    "OpenSea": 7324
  },
  "audit_stats": {
    "avg_trade_price_eth": {
      "min": 0.007451461795152464,
      "p1": 0.010284281581722263,
      "p50": 0.24649177104386275,
      "p99": 8.40267778888892,
      "max": 14.300091999999998
    },
    "ct_volume_total_eth": {
      "min": 2.030987,
      "p1": 2.0778578999999997,
      "p50": 12.6954544,
      "p99": 818.860489939561,
      "max": 1281.2846432151757
    },
    "total_secondary_volume_eth": {
      "min": 0.1529156,
      "p1": 0.18194653,
      "p50": 4.5860435,
      "p99": 472.3447101955858,
      "max": 698.9470397545036
    },
    "trades": {
      "min": 2.0,
      "p1": 2.0,
      "p50": 19.0,
      "p99": 918.5300000000007,
      "max": 1299.079999999998
    },
    "ct_trades_total": {
      "min": 10.0,
      "p1": 10.0,
      "p50": 52.0,
      "p99": 1734.0,
      "max": 2571.4399999999987
    },
    "royalty_rate_pct": {
      "min": 0.5,
      "p1": 0.5000000000000001,
      "p50": 5.0,
      "p99": 10.000000000000002,
      "max": 10.5
    },
    "enforcement_credibility": {
      "min": 0.0,
      "p1": 0.0,
      "p50": 0.2266207551941015,
      "p99": 1.0,
      "max": 1.0
    },
    "share_volume": {
      "min": 0.0014638150989207,
      "p1": 0.020719447057086986,
      "p50": 0.5,
      "p99": 0.9792805529429129,
      "max": 0.998536184901079
    },
    "switch_share_volume_ct": {
      "min": 0.0028770705777754,
      "p1": 0.0179656453818295,
      "p50": 0.21143717679605029,
      "p99": 0.9681596743340422,
      "max": 0.9985361849010792
    }
  }
}